{
  "default-calendar": "gregorian",
  "separator": ".",
  "unitOrder": "DD. MM. YYYY.",
  "weekStart": 7,
  "placeholder": "DD. MM. YYYY.",
  "days": {
    "abbreviated": ["ned", "pon", "uto", "sri", "čet", "pet", "sub"],
    "narrow": ["N", "P", "U", "S", "Č", "P", "S"],
    "short": ["ned", "pon", "uto", "sri", "čet", "pet", "sub"],
    "wide": ["nedjelja", "ponedjeljak", "utorak", "srijeda", "četvrtak", "petak", "subota"]
  },
  "numerals": "0123456789",
  "months": {
    "abbreviated": ["sij", "velj", "ožu", "tra", "svi", "lip", "srp", "kol", "ruj", "lis", "stu", "pro"],
    "narrow": ["1.", "2.", "3.", "4.", "5.", "6.", "7.", "8.", "9.", "10.", "11.", "12."],
    "wide": [
      "siječanj",
      "veljača",
      "ožujak",
      "travanj",
      "svibanj",
      "lipanj",
      "srpanj",
      "kolovoz",
      "rujan",
      "listopad",
      "studeni",
      "prosinac"
    ]
  }
}
