{
  "default-calendar": "gregorian",
  "separator": "-",
  "unitOrder": "YYYY-MM-DD",
  "weekStart": 7,
  "placeholder": "YYYY-MM-DD",
  "days": {
    "abbreviated": ["sk", "pr", "an", "tr", "kt", "pn", "št"],
    "narrow": ["S", "P", "A", "T", "K", "P", "Š"],
    "short": ["Sk", "Pr", "An", "Tr", "Kt", "Pn", "Št"],
    "wide": [
      "sekmadienis",
      "pirmadienis",
      "antradienis",
      "trečiadienis",
      "ketvirtadienis",
      "penktadienis",
      "šeštadienis"
    ]
  },
  "numerals": "0123456789",
  "months": {
    "abbreviated": [
      "saus.",
      "vas.",
      "kov.",
      "bal.",
      "geg.",
      "birž.",
      "liep.",
      "rugp.",
      "rugs.",
      "spal.",
      "lapkr.",
      "gruod."
    ],
    "narrow": ["S", "V", "K", "B", "G", "B", "L", "R", "R", "S", "L", "G"],
    "wide": [
      "sausis",
      "vasaris",
      "kovas",
      "balandis",
      "gegužė",
      "birželis",
      "liepa",
      "rugpjūtis",
      "rugsėjis",
      "spalis",
      "lapkritis",
      "gruodis"
    ]
  }
}
