{
  "default-calendar": "gregorian",
  "separator": ".",
  "unitOrder": "DD.MM.YYYY",
  "weekStart": 7,
  "placeholder": "DD.MM.YYYY",
  "days": {
    "abbreviated": ["пн", "вт", "ср", "чт", "пт", "сб", "вс"],
    "narrow": ["пн", "вт", "ср", "чт", "пт", "сб", "вс"],
    "short": ["пн", "вт", "ср", "чт", "пт", "сб", "вс"],
    "wide": ["понедельник", "вторник", "среда", "четверг", "пятница", "суббота", "воскресенье"]
  },
  "numerals": "0123456789",
  "months": {
    "abbreviated": ["янв.", "февр.", "март", "апр.", "май", "июнь", "июль", "авг.", "сент.", "окт.", "нояб.", "дек."],
    "narrow": ["Я", "Ф", "М", "А", "М", "И", "И", "А", "С", "О", "Н", "Д"],
    "wide": [
      "январь",
      "февраль",
      "март",
      "апрель",
      "май",
      "июнь",
      "июль",
      "август",
      "сентябрь",
      "октябрь",
      "ноябрь",
      "декабрь"
    ]
  }
}
