{
  "default-calendar": "gregorian",
  "separator": ".",
  "unitOrder": "DD. MM. YYYY",
  "weekStart": 7,
  "placeholder": "DD. MM. YYYY",
  "days": {
    "abbreviated": ["ned.", "pon.", "tor.", "sre.", "čet.", "pet.", "sob."],
    "narrow": ["n", "p", "t", "s", "č", "p", "s"],
    "short": ["ned.", "pon.", "tor.", "sre.", "čet.", "pet.", "sob."],
    "wide": ["nedelja", "ponedeljek", "torek", "sreda", "četrtek", "petek", "sobota"]
  },
  "numerals": "0123456789",
  "months": {
    "abbreviated": ["jan.", "feb.", "mar.", "apr.", "maj", "jun.", "jul.", "avg.", "sep.", "okt.", "nov.", "dec."],
    "narrow": ["j", "f", "m", "a", "m", "j", "j", "a", "s", "o", "n", "d"],
    "wide": [
      "januar",
      "februar",
      "marec",
      "april",
      "maj",
      "junij",
      "julij",
      "avgust",
      "september",
      "oktober",
      "november",
      "december"
    ]
  }
}
