{
  "default-calendar": "gregorian",
  "separator": ".",
  "unitOrder": "DD.MM.YYYY",
  "weekStart": 7,
  "placeholder": "DD.MM.YYYY",
  "days": {
    "abbreviated": ["нд", "пн", "вт", "ср", "чт", "пт", "сб"],
    "narrow": ["Н", "П", "В", "С", "Ч", "П", "С"],
    "short": ["нд", "пн", "вт", "ср", "чт", "пт", "сб"],
    "wide": ["неділя", "понеділок", "вівторок", "середа", "четвер", "пʼятниця", "субота"]
  },
  "numerals": "0123456789",
  "months": {
    "abbreviated": ["січ", "лют", "бер", "кві", "тра", "чер", "лип", "сер", "вер", "жов", "лис", "гру"],
    "narrow": ["С", "Л", "Б", "К", "Т", "Ч", "Л", "С", "В", "Ж", "Л", "Г"],
    "wide": [
      "січень",
      "лютий",
      "березень",
      "квітень",
      "травень",
      "червень",
      "липень",
      "серпень",
      "вересень",
      "жовтень",
      "листопад",
      "грудень"
    ]
  }
}
